OCC_CODE,Job Title,OCC_Group
132010,Accountants and Auditors,broad
132011,Accountants and Auditors,detailed
272011,Actors,detailed
272010,"Actors, Producers, and Directors",broad
152010,Actuaries,broad
152011,Actuaries,detailed
291291,Acupuncturists,detailed
291298,"Acupuncturists and Healthcare Diagnosing or Treating Practitioners, All Other",detailed
519191,Adhesive Bonding Machine Operators and Tenders,detailed
231021,"Administrative Law Judges, Adjudicators, and Hearing Officers",detailed
113010,Administrative Services and Facilities Managers,broad
113011,Administrative Services and Facilities Managers,detailed
113012,Administrative Services Managers,detailed
253010,"Adult Basic Education, Adult Secondary Education, and English as a Second Language Instructors",broad
253011,"Adult Basic Education, Adult Secondary Education, and English as a Second Language Instructors",detailed
112010,Advertising and Promotions Managers,broad
112011,Advertising and Promotions Managers,detailed
413010,Advertising Sales Agents,broad
413011,Advertising Sales Agents,detailed
112000,"Advertising, Marketing, Promotions, Public Relations, and Sales Managers",minor
173021,Aerospace Engineering and Operations Technologists and Technicians,detailed
172010,Aerospace Engineers,broad
172011,Aerospace Engineers,detailed
131010,"Agents and Business Managers of Artists, Performers, and Athletes",broad
131011,"Agents and Business Managers of Artists, Performers, and Athletes",detailed
194010,Agricultural and Food Science Technicians,broad
194011,Agricultural and Food Science Technicians,detailed
191010,Agricultural and Food Scientists,broad
172020,Agricultural Engineers,broad
172021,Agricultural Engineers,detailed
452091,Agricultural Equipment Operators,detailed
452010,Agricultural Inspectors,broad
452011,Agricultural Inspectors,detailed
251041,"Agricultural Sciences Teachers, Postsecondary",detailed
194012,Agricultural Technicians,detailed
452000,Agricultural Workers,minor
452099,"Agricultural Workers, All Other",detailed
532021,Air Traffic Controllers,detailed
532020,Air Traffic Controllers and Airfield Operations Specialists,broad
532000,Air Transportation Workers,minor
531010,Aircraft Cargo Handling Supervisors,broad
531041,Aircraft Cargo Handling Supervisors,detailed
493010,Aircraft Mechanics and Service Technicians,broad
493011,Aircraft Mechanics and Service Technicians,detailed
532010,Aircraft Pilots and Flight Engineers,broad
536032,Aircraft Service Attendants,detailed
536098,"Aircraft Service Attendants and Transportation Workers, All Other",detailed
512010,"Aircraft Structure, Surfaces, Rigging, and Systems Assemblers",broad
512011,"Aircraft Structure, Surfaces, Rigging, and Systems Assemblers",detailed
532022,Airfield Operations Specialists,detailed
532011,"Airline Pilots, Copilots, and Flight Engineers",detailed
533010,"Ambulance Drivers and Attendants, Except Emergency Medical Technicians",broad
533011,"Ambulance Drivers and Attendants, Except Emergency Medical Technicians",detailed
393091,Amusement and Recreation Attendants,detailed
291211,Anesthesiologists,detailed
452020,Animal Breeders,broad
452021,Animal Breeders,detailed
392000,Animal Care and Service Workers,minor
392020,Animal Caretakers,broad
392021,Animal Caretakers,detailed
339010,Animal Control Workers,broad
339011,Animal Control Workers,detailed
191011,Animal Scientists,detailed
392010,Animal Trainers,broad
392011,Animal Trainers,detailed
193091,Anthropologists and Archeologists,detailed
251061,"Anthropology and Archeology Teachers, Postsecondary",detailed
231022,"Arbitrators, Mediators, and Conciliators",detailed
171011,"Architects, Except Landscape and Naval",detailed
171010,"Architects, Except Naval",broad
171000,"Architects, Surveyors, and Cartographers",minor
173011,Architectural and Civil Drafters,detailed
119040,Architectural and Engineering Managers,broad
119041,Architectural and Engineering Managers,detailed
170000,Architecture and Engineering Occupations,major
251031,"Architecture Teachers, Postsecondary",detailed
254011,Archivists,detailed
254010,"Archivists, Curators, and Museum Technicians",broad
251062,"Area, Ethnic, and Cultural Studies Teachers, Postsecondary",detailed
271000,Art and Design Workers,minor
271011,Art Directors,detailed
251121,"Art, Drama, and Music Teachers, Postsecondary",detailed
271010,Artists and Related Workers,broad
271019,"Artists and Related Workers, All Other",detailed
251120,"Arts, Communications, History, and Humanities Teachers, Postsecondary",broad
270000,"Arts, Design, Entertainment, Sports, and Media Occupations",major
512000,Assemblers and Fabricators,minor
512098,"Assemblers and Fabricators, All Other, Including Team Assemblers",detailed
192011,Astronomers,detailed
192010,Astronomers and Physicists,broad
272021,Athletes and Sports Competitors,detailed
272020,"Athletes, Coaches, Umpires, and Related Workers",broad
299091,Athletic Trainers,detailed
192020,Atmospheric and Space Scientists,broad
192021,Atmospheric and Space Scientists,detailed
251051,"Atmospheric, Earth, Marine, and Space Sciences Teachers, Postsecondary",detailed
274011,Audio and Video Technicians,detailed
259010,Audio-Visual and Multimedia Collections Specialists,broad
259011,Audio-Visual and Multimedia Collections Specialists,detailed
291180,Audiologists,broad
291181,Audiologists,detailed
492097,Audiovisual Equipment Installers and Repairers,detailed
536030,Automotive and Watercraft Service Attendants,broad
536031,Automotive and Watercraft Service Attendants,detailed
493021,Automotive Body and Related Repairers,detailed
493022,Automotive Glass Installers and Repairers,detailed
493023,Automotive Service Technicians and Mechanics,detailed
493020,Automotive Technicians and Repairers,broad
492091,Avionics Technicians,detailed
396011,Baggage Porters and Bellhops,detailed
396000,"Baggage Porters, Bellhops, and Concierges",minor
396010,"Baggage Porters, Bellhops, and Concierges",broad
333011,Bailiffs,detailed
333010,"Bailiffs, Correctional Officers, and Jailers",broad
513010,Bakers,broad
513011,Bakers,detailed
395011,Barbers,detailed
395010,"Barbers, Hairdressers, Hairstylists and Cosmetologists",broad
353010,Bartenders,broad
353011,Bartenders,detailed
493091,Bicycle Repairers,detailed
433010,Bill and Account Collectors,broad
433011,Bill and Account Collectors,detailed
433020,Billing and Posting Clerks,broad
433021,Billing and Posting Clerks,detailed
191021,Biochemists and Biophysicists,detailed
172030,Bioengineers and Biomedical Engineers,broad
172031,Bioengineers and Biomedical Engineers,detailed
251042,"Biological Science Teachers, Postsecondary",detailed
191020,Biological Scientists,broad
191029,"Biological Scientists, All Other",detailed
194020,Biological Technicians,broad
194021,Biological Technicians,detailed
472010,Boilermakers,broad
472011,Boilermakers,detailed
433030,"Bookkeeping, Accounting, and Auditing Clerks",broad
433031,"Bookkeeping, Accounting, and Auditing Clerks",detailed
472021,Brickmasons and Blockmasons,detailed
472020,"Brickmasons, Blockmasons, and Stonemasons",broad
536010,Bridge and Lock Tenders,broad
536011,Bridge and Lock Tenders,detailed
274010,Broadcast and Sound Engineering Technicians and Radio Operators,broad
273010,Broadcast Announcers and Radio Disc Jockeys,broad
273011,Broadcast Announcers and Radio Disc Jockeys,detailed
273021,Broadcast News Analysts,detailed
274012,Broadcast Technicians,detailed
434010,Brokerage Clerks,broad
434011,Brokerage Clerks,detailed
132030,Budget Analysts,broad
132031,Budget Analysts,detailed
370000,Building and Grounds Cleaning and Maintenance Occupations,major
372000,Building Cleaning and Pest Control Workers,minor
372010,Building Cleaning Workers,broad
372019,"Building Cleaning Workers, All Other",detailed
493030,Bus and Truck Mechanics and Diesel Engine Specialists,broad
493031,Bus and Truck Mechanics and Diesel Engine Specialists,detailed
533020,Bus Drivers,broad
533051,"Bus Drivers, School",detailed
533022,"Bus Drivers, School or Special Client",detailed
533055,"Bus Drivers, Transit and Intercity",detailed
130000,Business and Financial Operations Occupations,major
131000,Business Operations Specialists,minor
131199,"Business Operations Specialists, All Other",detailed
251010,"Business Teachers, Postsecondary",broad
251011,"Business Teachers, Postsecondary",detailed
513021,Butchers and Meat Cutters,detailed
513020,"Butchers and Other Meat, Poultry, and Fish Processing Workers",broad
131020,Buyers and Purchasing Agents,broad
131021,Buyers and Purchasing Agents,detailed
517010,Cabinetmakers and Bench Carpenters,broad
517011,Cabinetmakers and Bench Carpenters,detailed
173028,Calibration Technologists and Technicians,detailed
173098,"Calibration Technologists and Technicians and Engineering Technologists and Technicians, Except Drafters, All Other",detailed
499061,Camera and Photographic Equipment Repairers,detailed
274031,"Camera Operators, Television, Video, and Film",detailed
535021,"Captains, Mates, and Pilots of Water Vessels",detailed
291212,Cardiologists,detailed
292031,Cardiovascular Technologists and Technicians,detailed
252023,"Career/Technical Education Teachers, Middle School",detailed
251194,"Career/Technical Education Teachers, Postsecondary",detailed
252032,"Career/Technical Education Teachers, Secondary School",detailed
435010,Cargo and Freight Agents,broad
435011,Cargo and Freight Agents,detailed
472030,Carpenters,broad
472031,Carpenters,detailed
472041,Carpet Installers,detailed
472040,"Carpet, Floor, and Tile Installers and Finishers",broad
171021,Cartographers and Photogrammetrists,detailed
412010,Cashiers,broad
412011,Cashiers,detailed
472051,Cement Masons and Concrete Finishers,detailed
472050,"Cement Masons, Concrete Finishers, and Terrazzo Workers",broad
351011,Chefs and Head Cooks,detailed
172040,Chemical Engineers,broad
172041,Chemical Engineers,detailed
519011,Chemical Equipment Operators and Tenders,detailed
518091,Chemical Plant and System Operators,detailed
519010,"Chemical Processing Machine Setters, Operators, and Tenders",broad
194030,Chemical Technicians,broad
194031,Chemical Technicians,detailed
251052,"Chemistry Teachers, Postsecondary",detailed
192031,Chemists,detailed
192030,Chemists and Materials Scientists,broad
111010,Chief Executives,broad
111011,Chief Executives,detailed
211021,"Child, Family, and School Social Workers",detailed
399010,Childcare Workers,broad
399011,Childcare Workers,detailed
291010,Chiropractors,broad
291011,Chiropractors,detailed
272032,Choreographers,detailed
173022,Civil Engineering Technologists and Technicians,detailed
172050,Civil Engineers,broad
172051,Civil Engineers,detailed
131030,"Claims Adjusters, Appraisers, Examiners, and Investigators",broad
131031,"Claims Adjusters, Examiners, and Investigators",detailed
537061,Cleaners of Vehicles and Equipment,detailed
519192,"Cleaning, Washing, and Metal Pickling Equipment Operators and Tenders",detailed
212010,Clergy,broad
212011,Clergy,detailed
193033,Clinical and Counseling Psychologists,detailed
292010,Clinical Laboratory Technologists and Technicians,broad
292011,Clinical Laboratory Technologists and Technicians,detailed
193031,"Clinical, Counseling, and School Psychologists",detailed
272022,Coaches and Scouts,detailed
519124,"Coating, Painting, and Spraying Machine Setters, Operators, and Tenders",detailed
512021,"Coil Winders, Tapers, and Finishers",detailed
499091,"Coin, Vending, and Amusement Machine Servicers and Repairers",detailed
353021,"Combined Food Preparation and Serving Workers, Including Fast Food",detailed
271021,Commercial and Industrial Designers,detailed
499092,Commercial Divers,detailed
532012,Commercial Pilots,detailed
432000,Communications Equipment Operators,minor
432099,"Communications Equipment Operators, All Other",detailed
251122,"Communications Teachers, Postsecondary",detailed
210000,Community and Social Service Occupations,major
211099,"Community and Social Service Specialists, All Other",detailed
211094,Community Health Workers,detailed
113110,Compensation and Benefits Managers,broad
113111,Compensation and Benefits Managers,detailed
131140,"Compensation, Benefits, and Job Analysis Specialists",broad
131141,"Compensation, Benefits, and Job Analysis Specialists",detailed
131040,Compliance Officers,broad
131041,Compliance Officers,detailed
151210,Computer and Information Analysts,broad
151110,Computer and Information Research Scientists,broad
151111,Computer and Information Research Scientists,detailed
151220,Computer and Information Research Scientists,broad
151221,Computer and Information Research Scientists,detailed
113020,Computer and Information Systems Managers,broad
113021,Computer and Information Systems Managers,detailed
150000,Computer and Mathematical Occupations,major
514010,Computer Control Programmers and Operators,broad
172060,Computer Hardware Engineers,broad
172061,Computer Hardware Engineers,detailed
151241,Computer Network Architects,detailed
151231,Computer Network Support Specialists,detailed
514012,"Computer Numerically Controlled Machine Tool Programmers, Metal and Plastic",detailed
519161,Computer Numerically Controlled Tool Operators,detailed
519160,Computer Numerically Controlled Tool Operators and Programmers,broad
519162,Computer Numerically Controlled Tool Programmers,detailed
151200,Computer Occupations,minor
151299,"Computer Occupations, All Other",detailed
439010,Computer Operators,broad
439011,Computer Operators,detailed
151251,Computer Programmers,detailed
251021,"Computer Science Teachers, Postsecondary",detailed
151230,Computer Support Specialists,broad
151211,Computer Systems Analysts,detailed
151232,Computer User Support Specialists,detailed
514011,"Computer-Controlled Machine Tool Operators, Metal and Plastic",detailed
492010,"Computer, Automated Teller, and Office Machine Repairers",broad
492011,"Computer, Automated Teller, and Office Machine Repairers",detailed
396012,Concierges,detailed
191031,Conservation Scientists,detailed
191030,Conservation Scientists and Foresters,broad
474010,Construction and Building Inspectors,broad
474011,Construction and Building Inspectors,detailed
470000,Construction and Extraction Occupations,major
472070,Construction Equipment Operators,broad
472060,Construction Laborers,broad
472061,Construction Laborers,detailed
119020,Construction Managers,broad
119021,Construction Managers,detailed
472000,Construction Trades Workers,minor
475041,Continuous Mining Machine Operators,detailed
499010,Control and Valve Installers and Repairers,broad
499012,"Control and Valve Installers and Repairers, Except Mechanical Door",detailed
537010,Conveyor Operators and Tenders,broad
537011,Conveyor Operators and Tenders,detailed
352010,Cooks,broad
352000,Cooks and Food Preparation Workers,minor
352019,"Cooks, All Other",detailed
352011,"Cooks, Fast Food",detailed
352012,"Cooks, Institution and Cafeteria",detailed
352013,"Cooks, Private Household",detailed
352014,"Cooks, Restaurant",detailed
352015,"Cooks, Short Order",detailed
519193,Cooling and Freezing Equipment Operators and Tenders,detailed
333012,Correctional Officers and Jailers,detailed
434020,Correspondence Clerks,broad
434021,Correspondence Clerks,detailed
131050,Cost Estimators,broad
131051,Cost Estimators,detailed
393092,Costume Attendants,detailed
211010,Counselors,broad
211019,"Counselors, All Other",detailed
211000,"Counselors, Social Workers, and Other Community and Social Service Specialists",minor
412021,Counter and Rental Clerks,detailed
412020,Counter and Rental Clerks and Parts Salespersons,broad
353022,"Counter Attendants, Cafeteria, Food Concession, and Coffee Shop",detailed
435020,Couriers and Messengers,broad
435021,Couriers and Messengers,detailed
232091,Court Reporters,detailed
273092,Court Reporters and Simultaneous Captioners,detailed
434030,"Court, Municipal, and License Clerks",broad
434031,"Court, Municipal, and License Clerks",detailed
271012,Craft Artists,detailed
537020,Crane and Tower Operators,broad
537021,Crane and Tower Operators,detailed
132040,Credit Analysts,broad
132041,Credit Analysts,detailed
434040,"Credit Authorizers, Checkers, and Clerks",broad
434041,"Credit Authorizers, Checkers, and Clerks",detailed
132071,Credit Counselors,detailed
132070,Credit Counselors and Loan Officers,broad
394012,Crematory Operators,detailed
399098,"Crematory Operators and Personal Care and Service Workers, All Other",detailed
251111,"Criminal Justice and Law Enforcement Teachers, Postsecondary",detailed
339091,Crossing Guards and Flaggers,detailed
519021,"Crushing, Grinding, and Polishing Machine Setters, Operators, and Tenders",detailed
519020,"Crushing, Grinding, Polishing, Mixing, and Blending Workers",broad
254012,Curators,detailed
434050,Customer Service Representatives,broad
434051,Customer Service Representatives,detailed
519031,"Cutters and Trimmers, Hand",detailed
519032,"Cutting and Slicing Machine Setters, Operators, and Tenders",detailed
519030,Cutting Workers,broad
514031,"Cutting, Punching, and Press Machine Setters, Operators, and Tenders, Metal and Plastic",detailed
272031,Dancers,detailed
272030,Dancers and Choreographers,broad
439020,Data Entry and Information Processing Workers,broad
439021,Data Entry Keyers,detailed
152050,Data Scientists,broad
152051,Data Scientists,detailed
152098,"Data Scientists and Mathematical Science Occupations, All Other",detailed
151242,Database Administrators,detailed
151245,Database Administrators and Architects,detailed
151240,Database and Network Administrators and Architects,broad
151140,Database and Systems Administrators and Network Architects,broad
151243,Database Architects,detailed
419011,Demonstrators and Product Promoters,detailed
519080,Dental and Ophthalmic Laboratory Technicians and Medical Appliance Technicians,broad
319091,Dental Assistants,detailed
291292,Dental Hygienists,detailed
292020,Dental Hygienists,broad
519081,Dental Laboratory Technicians,detailed
291020,Dentists,broad
291029,"Dentists, All Other Specialists",detailed
291021,"Dentists, General",detailed
291213,Dermatologists,detailed
475011,"Derrick Operators, Oil and Gas",detailed
475010,"Derrick, Rotary Drill, and Service Unit Operators, Oil and Gas",broad
271020,Designers,broad
271029,"Designers, All Other",detailed
439030,Desktop Publishers,broad
439031,Desktop Publishers,detailed
333020,Detectives and Criminal Investigators,broad
333021,Detectives and Criminal Investigators,detailed
292032,Diagnostic Medical Sonographers,detailed
292030,Diagnostic Related Technologists and Technicians,broad
292051,Dietetic Technicians,detailed
291030,Dietitians and Nutritionists,broad
291031,Dietitians and Nutritionists,detailed
359010,Dining Room and Cafeteria Attendants and Bartender Helpers,broad
359011,Dining Room and Cafeteria Attendants and Bartender Helpers,detailed
212020,"Directors, Religious Activities and Education",broad
212021,"Directors, Religious Activities and Education",detailed
359020,Dishwashers,broad
359021,Dishwashers,detailed
435030,Dispatchers,broad
435032,"Dispatchers, Except Police, Fire, and Ambulance",detailed
419091,"Door-to-Door Sales Workers, News and Street Vendors, and Related Workers",detailed
173010,Drafters,broad
173019,"Drafters, All Other",detailed
173000,"Drafters, Engineering Technicians, and Mapping Technicians",minor
537030,Dredge Operators,broad
537031,Dredge Operators,detailed
514032,"Drilling and Boring Machine Tool Setters, Operators, and Tenders, Metal and Plastic",detailed
533031,Driver/Sales Workers,detailed
533030,Driver/Sales Workers and Truck Drivers,broad
472081,Drywall and Ceiling Tile Installers,detailed
472080,"Drywall Installers, Ceiling Tile Installers, and Tapers",broad
475020,"Earth Drillers, Except Oil and Gas",broad
475023,"Earth Drillers, Except Oil and Gas",detailed
475097,"Earth Drillers, Except Oil and Gas; and Explosives Workers, Ordnance Handling Experts, and Blasters",detailed
251063,"Economics Teachers, Postsecondary",detailed
193010,Economists,broad
193011,Economists,detailed
273041,Editors,detailed
119030,Education Administrators,broad
119039,"Education Administrators, All Other",detailed
119032,"Education Administrators, Elementary and Secondary School",detailed
119036,"Education Administrators, Kindergarten through Secondary",detailed
119033,"Education Administrators, Postsecondary",detailed
119031,"Education Administrators, Preschool and Childcare Center/Program",detailed
119034,Education and Childcare Administrators,broad
119035,"Education and Childcare Administrators, Preschool and Daycare",detailed
251080,"Education and Library Science Teachers, Postsecondary",broad
251081,"Education Teachers, Postsecondary",detailed
250000,Educational Instruction and Library Occupations,major
259099,"Educational Instruction and Library Workers, All Other",detailed
211012,"Educational, Guidance, and Career Counselors and Advisors",detailed
492092,"Electric Motor, Power Tool, and Related Repairers",detailed
173023,Electrical and Electronic Engineering Technologists and Technicians,detailed
492000,"Electrical and Electronic Equipment Mechanics, Installers, and Repairers",minor
173012,Electrical and Electronics Drafters,detailed
172070,Electrical and Electronics Engineers,broad
492093,"Electrical and Electronics Installers and Repairers, Transportation Equipment",detailed
492094,"Electrical and Electronics Repairers, Commercial and Industrial Equipment",detailed
492095,"Electrical and Electronics Repairers, Powerhouse, Substation, and Relay",detailed
172071,Electrical Engineers,detailed
499051,Electrical Power-Line Installers and Repairers,detailed
512028,"Electrical, Electronic, and Electromechanical Assemblers, Except Coil Winders, Tapers, and Finishers",detailed
512020,"Electrical, Electronics, and Electromechanical Assemblers",broad
472110,Electricians,broad
472111,Electricians,detailed
173024,Electro-Mechanical and Mechatronics Technologists and Technicians,detailed
492096,"Electronic Equipment Installers and Repairers, Motor Vehicles",detailed
172072,"Electronics Engineers, Except Computer",detailed
252020,Elementary and Middle School Teachers,broad
252021,"Elementary School Teachers, Except Special Education",detailed
474020,Elevator and Escalator Installers and Repairers,broad
474021,Elevator and Escalator Installers and Repairers,detailed
434060,"Eligibility Interviewers, Government Programs",broad
434061,"Eligibility Interviewers, Government Programs",detailed
394010,Embalmers,broad
394011,Embalmers,detailed
119160,Emergency Management Directors,broad
119161,Emergency Management Directors,detailed
292042,Emergency Medical Technicians,detailed
292040,Emergency Medical Technicians and Paramedics,broad
292041,Emergency Medical Technicians and Paramedics,detailed
291214,Emergency Medicine Physicians,detailed
512030,Engine and Other Machine Assemblers,broad
512031,Engine and Other Machine Assemblers,detailed
251030,"Engineering and Architecture Teachers, Postsecondary",broad
251032,"Engineering Teachers, Postsecondary",detailed
173029,"Engineering Technicians, Except Drafters, All Other",detailed
173020,"Engineering Technologists and Technicians, Except Drafters",broad
172000,Engineers,minor
172199,"Engineers, All Other",detailed
251123,"English Language and Literature Teachers, Postsecondary",detailed
272000,"Entertainers and Performers, Sports and Related Workers",minor
272099,"Entertainers and Performers, Sports and Related Workers, All Other",detailed
119073,"Entertainment and Recreation Managers, Except Gambling",detailed
393000,Entertainment Attendants and Related Workers,minor
393099,"Entertainment Attendants and Related Workers, All Other",detailed
173025,Environmental Engineering Technologists and Technicians,detailed
172080,Environmental Engineers,broad
172081,Environmental Engineers,detailed
194040,Environmental Science and Geoscience Technicians,broad
194041,Environmental Science and Geoscience Technicians,detailed
194042,"Environmental Science and Protection Technicians, Including Health",detailed
251053,"Environmental Science Teachers, Postsecondary",detailed
192040,Environmental Scientists and Geoscientists,broad
192041,"Environmental Scientists and Specialists, Including Health",detailed
191041,Epidemiologists,detailed
519194,Etchers and Engravers,detailed
537032,Excavating and Loading Machine and Dragline Operators,detailed
475022,"Excavating and Loading Machine and Dragline Operators, Surface Mining",detailed
436011,Executive Secretaries and Executive Administrative Assistants,detailed
291128,Exercise Physiologists,detailed
399031,Exercise Trainers and Group Fitness Instructors,detailed
475030,"Explosives Workers, Ordnance Handling Experts, and Blasters",broad
475032,"Explosives Workers, Ordnance Handling Experts, and Blasters",detailed
475000,Extraction Workers,minor
475099,"Extraction Workers, All Other",detailed
514021,"Extruding and Drawing Machine Setters, Operators, and Tenders, Metal and Plastic",detailed
516091,"Extruding and Forming Machine Setters, Operators, and Tenders, Synthetic and Glass Fibers",detailed
519040,"Extruding, Forming, Pressing, and Compacting Machine Setters, Operators, and Tenders",broad
519041,"Extruding, Forming, Pressing, and Compacting Machine Setters, Operators, and Tenders",detailed
516092,Fabric and Apparel Patternmakers,detailed
499093,"Fabric Menders, Except Garment",detailed
113013,Facilities Managers,detailed
454021,Fallers,detailed
251192,"Family and Consumer Sciences Teachers, Postsecondary",detailed
291062,Family and General Practitioners,detailed
291215,Family Medicine Physicians,detailed
259020,Farm and Home Management Educators,broad
259021,Farm and Home Management Educators,detailed
493041,Farm Equipment Mechanics and Service Technicians,detailed
131074,Farm Labor Contractors,detailed
119010,"Farmers, Ranchers, and Other Agricultural Managers",broad
119013,"Farmers, Ranchers, and Other Agricultural Managers",detailed
450000,"Farming, Fishing, and Forestry Occupations",major
452092,"Farmworkers and Laborers, Crop, Nursery, and Greenhouse",detailed
452093,"Farmworkers, Farm, Ranch, and Aquacultural Animals",detailed
271022,Fashion Designers,detailed
353020,Fast Food and Counter Workers,broad
353023,Fast Food and Counter Workers,detailed
474030,Fence Erectors,broad
474031,Fence Erectors,detailed
512050,Fiberglass Laminators and Fabricators,broad
512051,Fiberglass Laminators and Fabricators,detailed
434070,File Clerks,broad
434071,File Clerks,detailed
274032,Film and Video Editors,detailed
132051,Financial Analysts,detailed
132050,Financial Analysts and Advisors,broad
132098,"Financial and Investment Analysts, Financial Risk Specialists, and Financial Specialists, All Other",detailed
433000,Financial Clerks,minor
433099,"Financial Clerks, All Other",detailed
132060,Financial Examiners,broad
132061,Financial Examiners,detailed
113030,Financial Managers,broad
113031,Financial Managers,detailed
132054,Financial Risk Specialists,detailed
132000,Financial Specialists,minor
132099,"Financial Specialists, All Other",detailed
271013,"Fine Artists, Including Painters, Sculptors, and Illustrators",detailed
332020,Fire Inspectors,broad
332021,Fire Inspectors and Investigators,detailed
332010,Firefighters,broad
332011,Firefighters,detailed
332000,Firefighting and Prevention Workers,minor
371010,First-Line Supervisors of Building and Grounds Cleaning and Maintenance Workers,broad
471010,First-Line Supervisors of Construction Trades and Extraction Workers,broad
471011,First-Line Supervisors of Construction Trades and Extraction Workers,detailed
331011,First-Line Supervisors of Correctional Officers,detailed
391014,"First-Line Supervisors of Entertainment and Recreation Workers, Except Gambling Services",detailed
451010,"First-Line Supervisors of Farming, Fishing, and Forestry Workers",broad
451011,"First-Line Supervisors of Farming, Fishing, and Forestry Workers",detailed
331020,First-Line Supervisors of Firefighting and Prevention Workers,broad
331021,First-Line Supervisors of Firefighting and Prevention Workers,detailed
351012,First-Line Supervisors of Food Preparation and Serving Workers,detailed
391013,First-Line Supervisors of Gambling Services Workers,detailed
391010,First-Line Supervisors of Gaming Workers,broad
391011,First-Line Supervisors of Gaming Workers,detailed
371011,First-Line Supervisors of Housekeeping and Janitorial Workers,detailed
371012,"First-Line Supervisors of Landscaping, Lawn Service, and Groundskeeping Workers",detailed
331010,First-Line Supervisors of Law Enforcement Workers,broad
491010,"First-Line Supervisors of Mechanics, Installers, and Repairers",broad
491011,"First-Line Supervisors of Mechanics, Installers, and Repairers",detailed
411012,First-Line Supervisors of Non-Retail Sales Workers,detailed
431010,First-Line Supervisors of Office and Administrative Support Workers,broad
431011,First-Line Supervisors of Office and Administrative Support Workers,detailed
391098,"First-Line Supervisors of Personal Service and Entertainment and Recreation Workers, Except Gambling Services",detailed
391020,First-Line Supervisors of Personal Service Workers,broad
391021,First-Line Supervisors of Personal Service Workers,detailed
331012,First-Line Supervisors of Police and Detectives,detailed
511010,First-Line Supervisors of Production and Operating Workers,broad
511011,First-Line Supervisors of Production and Operating Workers,detailed
331099,"First-Line Supervisors of Protective Service Workers, All Other",detailed
411011,First-Line Supervisors of Retail Sales Workers,detailed
411010,First-Line Supervisors of Sales Workers,broad
531040,First-Line Supervisors of Transportation and Material Moving Workers,broad
531047,"First-Line Supervisors of Transportation and Material Moving Workers, Except Aircraft Cargo Handling Supervisors",detailed
333030,Fish and Game Wardens,broad
333031,Fish and Game Wardens,detailed
532030,Flight Attendants,broad
532031,Flight Attendants,detailed
472042,"Floor Layers, Except Carpet, Wood, and Hard Tiles",detailed
472043,Floor Sanders and Finishers,detailed
271023,Floral Designers,detailed
353000,Food and Beverage Serving Workers,minor
513091,"Food and Tobacco Roasting, Baking, and Drying Machine Operators and Tenders",detailed
513092,Food Batchmakers,detailed
513093,Food Cooking Machine Operators and Tenders,detailed
350000,Food Preparation and Serving Related Occupations,major
359099,"Food Preparation and Serving Related Workers, All Other",detailed
352020,Food Preparation Workers,broad
352021,Food Preparation Workers,detailed
513000,Food Processing Workers,minor
513099,"Food Processing Workers, All Other",detailed
194013,Food Science Technicians,detailed
191012,Food Scientists and Technologists,detailed
353040,"Food Servers, Nonrestaurant",broad
353041,"Food Servers, Nonrestaurant",detailed
119050,Food Service Managers,broad
119051,Food Service Managers,detailed
251124,"Foreign Language and Literature Teachers, Postsecondary",detailed
194092,Forensic Science Technicians,detailed
194070,Forest and Conservation Technicians,broad
194071,Forest and Conservation Technicians,detailed
454010,Forest and Conservation Workers,broad
454011,Forest and Conservation Workers,detailed
332022,Forest Fire Inspectors and Prevention Specialists,detailed
454000,"Forest, Conservation, and Logging Workers",minor
191032,Foresters,detailed
251043,"Forestry and Conservation Science Teachers, Postsecondary",detailed
514022,"Forging Machine Setters, Operators, and Tenders, Metal and Plastic",detailed
514020,"Forming Machine Setters, Operators, and Tenders, Metal and Plastic",broad
514071,Foundry Mold and Coremakers,detailed
131130,Fundraisers,broad
131131,Fundraisers,detailed
112033,Fundraising Managers,detailed
394020,Funeral Attendants,broad
394021,Funeral Attendants,detailed
119171,Funeral Home Managers,detailed
119060,Funeral Service Managers,broad
119061,Funeral Service Managers,detailed
394000,Funeral Service Workers,minor
519050,"Furnace, Kiln, Oven, Drier, and Kettle Operators and Tenders",broad
519051,"Furnace, Kiln, Oven, Drier, and Kettle Operators and Tenders",detailed
517020,Furniture Finishers,broad
517021,Furniture Finishers,detailed
393012,Gambling and Sports Book Writers and Runners,detailed
433040,Gambling Cage Workers,broad
433041,Gambling Cage Workers,detailed
412012,Gambling Change Persons and Booth Cashiers,detailed
393011,Gambling Dealers,detailed
119071,Gambling Managers,detailed
393019,"Gambling Service Workers, All Other",detailed
393010,Gambling Services Workers,broad
339031,Gambling Surveillance Officers and Gambling Investigators,detailed
119070,Gaming Managers,broad
537071,Gas Compressor and Gas Pumping Station Operators,detailed
518092,Gas Plant Operators,detailed
111020,General and Operations Managers,broad
111021,General and Operations Managers,detailed
291216,General Internal Medicine Physicians,detailed
299092,Genetic Counselors,detailed
193092,Geographers,detailed
251064,"Geography Teachers, Postsecondary",detailed
194045,Geological and Hydrologic Technicians,detailed
194043,"Geological Technicians, Except Hydrologic Technicians",detailed
192042,"Geoscientists, Except Hydrologists and Geographers",detailed
472120,Glaziers,broad
472121,Glaziers,detailed
452040,"Graders and Sorters, Agricultural Products",broad
452041,"Graders and Sorters, Agricultural Products",detailed
251191,Graduate Teaching Assistants,detailed
271024,Graphic Designers,detailed
519022,"Grinding and Polishing Workers, Hand",detailed
514033,"Grinding, Lapping, Polishing, and Buffing Machine Tool Setters, Operators, and Tenders, Metal and Plastic",detailed
373000,Grounds Maintenance Workers,minor
373010,Grounds Maintenance Workers,broad
373019,"Grounds Maintenance Workers, All Other",detailed
395012,"Hairdressers, Hairstylists, and Cosmetologists",detailed
474040,Hazardous Materials Removal Workers,broad
474041,Hazardous Materials Removal Workers,detailed
172111,"Health and Safety Engineers, Except Mining Safety Engineers and Inspectors",detailed
291199,"Health Diagnosing and Treating Practitioners, All Other",detailed
211091,Health Education Specialists,detailed
299020,Health Information Technologists and Medical Registrars,broad
299021,Health Information Technologists and Medical Registrars,detailed
299098,"Health Information Technologists, Medical Registrars, Surgical Assistants, and Healthcare Practitioners and Technical Workers, All Other",detailed
292050,Health Practitioner Support Technologists and Technicians,broad
251071,"Health Specialties Teachers, Postsecondary",detailed
251070,"Health Teachers, Postsecondary",broad
292000,Health Technologists and Technicians,minor
292099,"Health Technologists and Technicians, All Other",detailed
291000,Healthcare Diagnosing or Treating Practitioners,minor
291299,"Healthcare Diagnosing or Treating Practitioners, All Other",detailed
290000,Healthcare Practitioners and Technical Occupations,major
299099,"Healthcare Practitioners and Technical Workers, All Other",detailed
211022,Healthcare Social Workers,detailed
310000,Healthcare Support Occupations,major
319099,"Healthcare Support Workers, All Other",detailed
292092,Hearing Aid Specialists,detailed
514191,"Heat Treating Equipment Setters, Operators, and Tenders, Metal and Plastic",detailed
499020,"Heating, Air Conditioning, and Refrigeration Mechanics and Installers",broad
499021,"Heating, Air Conditioning, and Refrigeration Mechanics and Installers",detailed
533032,Heavy and Tractor-Trailer Truck Drivers,detailed
493040,Heavy Vehicle and Mobile Equipment Service Technicians and Mechanics,broad
473011,"Helpers--Brickmasons, Blockmasons, Stonemasons, and Tile and Marble Setters",detailed
473012,Helpers--Carpenters,detailed
473013,Helpers--Electricians,detailed
475080,Helpers--Extraction Workers,broad
475081,Helpers--Extraction Workers,detailed
499098,"Helpers--Installation, Maintenance, and Repair Workers",detailed
473014,"Helpers--Painters, Paperhangers, Plasterers, and Stucco Masons",detailed
473015,"Helpers--Pipelayers, Plumbers, Pipefitters, and Steamfitters",detailed
519198,Helpers--Production Workers,detailed
473016,Helpers--Roofers,detailed
473000,"Helpers, Construction Trades",minor
473010,"Helpers, Construction Trades",broad
473019,"Helpers, Construction Trades, All Other",detailed
474050,Highway Maintenance Workers,broad
474051,Highway Maintenance Workers,detailed
193093,Historians,detailed
251125,"History Teachers, Postsecondary",detailed
537040,Hoist and Winch Operators,broad
537041,Hoist and Winch Operators,detailed
499030,Home Appliance Repairers,broad
499031,Home Appliance Repairers,detailed
311011,Home Health Aides,detailed
311120,Home Health and Personal Care Aides,broad
311121,Home Health and Personal Care Aides,detailed
311100,"Home Health and Personal Care Aides; and Nursing Assistants, Orderlies, and Psychiatric Aides",minor
359030,"Hosts and Hostesses, Restaurant, Lounge, and Coffee Shop",broad
359031,"Hosts and Hostesses, Restaurant, Lounge, and Coffee Shop",detailed
434080,"Hotel, Motel, and Resort Desk Clerks",broad
434081,"Hotel, Motel, and Resort Desk Clerks",detailed
434160,"Human Resources Assistants, Except Payroll and Timekeeping",broad
434161,"Human Resources Assistants, Except Payroll and Timekeeping",detailed
113120,Human Resources Managers,broad
113121,Human Resources Managers,detailed
131071,Human Resources Specialists,detailed
131070,Human Resources Workers,broad
194044,Hydrologic Technicians,detailed
192043,Hydrologists,detailed
173026,Industrial Engineering Technologists and Technicians,detailed
172112,Industrial Engineers,detailed
172110,"Industrial Engineers, Including Health and Safety",broad
499040,"Industrial Machinery Installation, Repair, and Maintenance Workers",broad
499041,Industrial Machinery Mechanics,detailed
113050,Industrial Production Managers,broad
113051,Industrial Production Managers,detailed
537050,Industrial Truck and Tractor Operators,broad
537051,Industrial Truck and Tractor Operators,detailed
193032,Industrial-Organizational Psychologists,detailed
434000,Information and Record Clerks,minor
434199,"Information and Record Clerks, All Other",detailed
151212,Information Security Analysts,detailed
519060,"Inspectors, Testers, Sorters, Samplers, and Weighers",broad
519061,"Inspectors, Testers, Sorters, Samplers, and Weighers",detailed
490000,"Installation, Maintenance, and Repair Occupations",major
499099,"Installation, Maintenance, and Repair Workers, All Other",detailed
259030,Instructional Coordinators,broad
259031,Instructional Coordinators,detailed
472130,Insulation Workers,broad
472131,"Insulation Workers, Floor, Ceiling, and Wall",detailed
472132,"Insulation Workers, Mechanical",detailed
131032,"Insurance Appraisers, Auto Damage",detailed
439040,Insurance Claims and Policy Processing Clerks,broad
439041,Insurance Claims and Policy Processing Clerks,detailed
413020,Insurance Sales Agents,broad
413021,Insurance Sales Agents,detailed
132053,Insurance Underwriters,detailed
271025,Interior Designers,detailed
291063,"Internists, General",detailed
273091,Interpreters and Translators,detailed
434110,"Interviewers, Except Eligibility and Loan",broad
434111,"Interviewers, Except Eligibility and Loan",detailed
372011,"Janitors and Cleaners, Except Maids and Housekeeping Cleaners",detailed
519070,Jewelers and Precious Stone and Metal Workers,broad
519071,Jewelers and Precious Stone and Metal Workers,detailed
231023,"Judges, Magistrate Judges, and Magistrates",detailed
231020,"Judges, Magistrates, and Other Judicial Workers",broad
231012,Judicial Law Clerks,detailed
252012,"Kindergarten Teachers, Except Special Education",detailed
131075,Labor Relations Specialists,detailed
537062,"Laborers and Freight, Stock, and Material Movers, Hand",detailed
537060,Laborers and Material Movers,broad
171012,Landscape Architects,detailed
373011,Landscaping and Groundskeeping Workers,detailed
514034,"Lathe and Turning Machine Tool Setters, Operators, and Tenders, Metal and Plastic",detailed
516010,Laundry and Dry-Cleaning Workers,broad
516011,Laundry and Dry-Cleaning Workers,detailed
333000,Law Enforcement Workers,minor
251112,"Law Teachers, Postsecondary",detailed
251110,"Law, Criminal Justice, and Social Work Teachers, Postsecondary",broad
231011,Lawyers,detailed
231010,Lawyers and Judicial Law Clerks,broad
231000,"Lawyers, Judges, and Related Workers",minor
514192,"Layout Workers, Metal and Plastic",detailed
230000,Legal Occupations,major
436012,Legal Secretaries and Administrative Assistants,detailed
232000,Legal Support Workers,minor
232099,"Legal Support Workers, All Other",detailed
111030,Legislators,broad
111031,Legislators,detailed
254021,Librarians,detailed
254020,Librarians and Media Collections Specialists,broad
254022,Librarians and Media Collections Specialists,detailed
254000,"Librarians, Curators, and Archivists",minor
434120,"Library Assistants, Clerical",broad
434121,"Library Assistants, Clerical",detailed
251082,"Library Science Teachers, Postsecondary",detailed
254030,Library Technicians,broad
254031,Library Technicians,detailed
292060,Licensed Practical and Licensed Vocational Nurses,broad
292061,Licensed Practical and Licensed Vocational Nurses,detailed
251040,"Life Sciences Teachers, Postsecondary",broad
191000,Life Scientists,minor
191099,"Life Scientists, All Other",detailed
190000,"Life, Physical, and Social Science Occupations",major
194000,"Life, Physical, and Social Science Technicians",minor
194099,"Life, Physical, and Social Science Technicians, All Other",detailed
339092,"Lifeguards, Ski Patrol, and Other Recreational Protective Service Workers",detailed
533033,Light Truck Drivers,detailed
274015,Lighting Technicians,detailed
274098,"Lighting Technicians and Media and Communication Equipment Workers, All Other",detailed
499050,Line Installers and Repairers,broad
475044,"Loading and Moving Machine Operators, Underground Mining",detailed
537033,"Loading Machine Operators, Underground Mining",detailed
434130,Loan Interviewers and Clerks,broad
434131,Loan Interviewers and Clerks,detailed
132072,Loan Officers,detailed
393093,"Locker Room, Coatroom, and Dressing Room Attendants",detailed
499094,Locksmiths and Safe Repairers,detailed
534011,Locomotive Engineers,detailed
534010,Locomotive Engineers and Operators,broad
534012,Locomotive Firers,detailed
119080,Lodging Managers,broad
119081,Lodging Managers,detailed
454023,Log Graders and Scalers,detailed
454022,Logging Equipment Operators,detailed
454020,Logging Workers,broad
454029,"Logging Workers, All Other",detailed
131080,Logisticians,broad
131081,Logisticians,detailed
537063,Machine Feeders and Offbearers,detailed
514030,"Machine Tool Cutting Setters, Operators, and Tenders, Metal and Plastic",broad
514040,Machinists,broad
514041,Machinists,detailed
292035,Magnetic Resonance Imaging Technologists,detailed
372012,Maids and Housekeeping Cleaners,detailed
439050,"Mail Clerks and Mail Machine Operators, Except Postal Service",broad
439051,"Mail Clerks and Mail Machine Operators, Except Postal Service",detailed
499070,"Maintenance and Repair Workers, General",broad
499071,"Maintenance and Repair Workers, General",detailed
499043,"Maintenance Workers, Machinery",detailed
395091,"Makeup Artists, Theatrical and Performance",detailed
131110,Management Analysts,broad
131111,Management Analysts,detailed
110000,Management Occupations,major
119199,"Managers, All Other",detailed
395092,Manicurists and Pedicurists,detailed
499095,Manufactured Building and Mobile Home Installers,detailed
172120,Marine Engineers and Naval Architects,broad
172121,Marine Engineers and Naval Architects,detailed
131160,Market Research Analysts and Marketing Specialists,broad
131161,Market Research Analysts and Marketing Specialists,detailed
112020,Marketing and Sales Managers,broad
112021,Marketing Managers,detailed
211013,Marriage and Family Therapists,detailed
319010,Massage Therapists,broad
319011,Massage Therapists,detailed
537000,Material Moving Workers,minor
537199,"Material Moving Workers, All Other",detailed
435000,"Material Recording, Scheduling, Dispatching, and Distributing Workers",minor
172130,Materials Engineers,broad
172131,Materials Engineers,detailed
192032,Materials Scientists,detailed
251020,"Math and Computer Science Teachers, Postsecondary",broad
152000,Mathematical Science Occupations,minor
152099,"Mathematical Science Occupations, All Other",detailed
251022,"Mathematical Science Teachers, Postsecondary",detailed
152020,Mathematicians,broad
152021,Mathematicians,detailed
513022,"Meat, Poultry, and Fish Cutters and Trimmers",detailed
499011,Mechanical Door Repairers,detailed
173013,Mechanical Drafters,detailed
173027,Mechanical Engineering Technologists and Technicians,detailed
172140,Mechanical Engineers,broad
172141,Mechanical Engineers,detailed
274000,Media and Communication Equipment Workers,minor
274099,"Media and Communication Equipment Workers, All Other",detailed
273000,Media and Communication Workers,minor
273099,"Media and Communication Workers, All Other",detailed
119110,Medical and Health Services Managers,broad
119111,Medical and Health Services Managers,detailed
519082,Medical Appliance Technicians,detailed
319092,Medical Assistants,detailed
292036,Medical Dosimetrists,detailed
292098,"Medical Dosimetrists, Medical Records Specialists, and Health Technologists and Technicians, All Other",detailed
319093,Medical Equipment Preparers,detailed
499062,Medical Equipment Repairers,detailed
292070,Medical Records and Health Information Technicians,broad
292071,Medical Records and Health Information Technicians,detailed
191040,Medical Scientists,broad
191042,"Medical Scientists, Except Epidemiologists",detailed
436013,Medical Secretaries and Administrative Assistants,detailed
319094,Medical Transcriptionists,detailed
131120,"Meeting, Convention, and Event Planners",broad
131121,"Meeting, Convention, and Event Planners",detailed
211023,Mental Health and Substance Abuse Social Workers,detailed
271026,Merchandise Displayers and Window Trimmers,detailed
514050,"Metal Furnace Operators, Tenders, Pourers, and Casters",broad
514000,Metal Workers and Plastic Workers,minor
514199,"Metal Workers and Plastic Workers, All Other",detailed
514051,Metal-Refining Furnace Operators and Tenders,detailed
435040,"Meter Readers, Utilities",broad
435041,"Meter Readers, Utilities",detailed
191022,Microbiologists,detailed
252022,"Middle School Teachers, Except Special and Career/Technical Education",detailed
514035,"Milling and Planing Machine Setters, Operators, and Tenders, Metal and Plastic",detailed
499044,Millwrights,detailed
475042,Mine Cutting and Channeling Machine Operators,detailed
537110,Mine Shuttle Car Operators,broad
537111,Mine Shuttle Car Operators,detailed
172150,"Mining and Geological Engineers, Including Mining Safety Engineers",broad
172151,"Mining and Geological Engineers, Including Mining Safety Engineers",detailed
475040,Mining Machine Operators,broad
475049,"Mining Machine Operators, All Other",detailed
452090,Miscellaneous Agricultural Workers,broad
512090,Miscellaneous Assemblers and Fabricators,broad
512091,Miscellaneous Assemblers and Fabricators,detailed
131190,Miscellaneous Business Operations Specialists,broad
432090,Miscellaneous Communications Equipment Operators,broad
211090,Miscellaneous Community and Social Service Specialists,broad
151290,Miscellaneous Computer Occupations,broad
474090,Miscellaneous Construction and Related Workers,broad
474091,Miscellaneous Construction and Related Workers,detailed
259090,Miscellaneous Educational Instruction and Library Workers,broad
492090,"Miscellaneous Electrical and Electronic Equipment Mechanics, Installers, and Repairers",broad
172190,Miscellaneous Engineers,broad
272090,"Miscellaneous Entertainers and Performers, Sports and Related Workers",broad
272091,"Miscellaneous Entertainers and Performers, Sports and Related Workers",detailed
393090,Miscellaneous Entertainment Attendants and Related Workers,broad
475090,Miscellaneous Extraction Workers,broad
433090,Miscellaneous Financial Clerks,broad
132090,Miscellaneous Financial Specialists,broad
331090,"Miscellaneous First-Line Supervisors, Protective Service Workers",broad
331091,"Miscellaneous First-Line Supervisors, Protective Service Workers",detailed
359090,Miscellaneous Food Preparation and Serving Related Workers,broad
513090,Miscellaneous Food Processing Workers,broad
291190,Miscellaneous Health Diagnosing and Treating Practitioners,broad
299090,Miscellaneous Health Practitioners and Technical Workers,broad
292090,Miscellaneous Health Technologists and Technicians,broad
291290,Miscellaneous Healthcare Diagnosing or Treating Practitioners,broad
319090,Miscellaneous Healthcare Support Occupations,broad
434190,Miscellaneous Information and Record Clerks,broad
499090,"Miscellaneous Installation, Maintenance, and Repair Workers",broad
232090,Miscellaneous Legal Support Workers,broad
191090,Miscellaneous Life Scientists,broad
194090,"Miscellaneous Life, Physical, and Social Science Technicians",broad
119190,Miscellaneous Managers,broad
537190,Miscellaneous Material Moving Workers,broad
152090,Miscellaneous Mathematical Science Occupations,broad
152091,Miscellaneous Mathematical Science Occupations,detailed
274090,Miscellaneous Media and Communication Equipment Workers,broad
273090,Miscellaneous Media and Communication Workers,broad
514190,Miscellaneous Metal Workers and Plastic Workers,broad
533090,Miscellaneous Motor Vehicle Operators,broad
439190,Miscellaneous Office and Administrative Support Workers,broad
395090,Miscellaneous Personal Appearance Workers,broad
399090,Miscellaneous Personal Care and Service Workers,broad
192090,Miscellaneous Physical Scientists,broad
518090,Miscellaneous Plant and System Operators,broad
251190,Miscellaneous Postsecondary Teachers,broad
519190,Miscellaneous Production Workers,broad
339090,Miscellaneous Protective Service Workers,broad
534090,Miscellaneous Rail Transportation Workers,broad
212090,Miscellaneous Religious Workers,broad
419090,Miscellaneous Sales and Related Workers,broad
413090,"Miscellaneous Sales Representatives, Services",broad
193090,Miscellaneous Social Scientists and Related Workers,broad
253090,Miscellaneous Teachers and Instructors,broad
516090,"Miscellaneous Textile, Apparel, and Furnishings Workers",broad
536090,Miscellaneous Transportation Workers,broad
493090,"Miscellaneous Vehicle and Mobile Equipment Mechanics, Installers, and Repairers",broad
517090,Miscellaneous Woodworkers,broad
519023,"Mixing and Blending Machine Setters, Operators, and Tenders",detailed
493042,"Mobile Heavy Equipment Mechanics, Except Engines",detailed
514060,"Model Makers and Patternmakers, Metal and Plastic",broad
517030,"Model Makers and Patternmakers, Wood",broad
514061,"Model Makers, Metal and Plastic",detailed
517031,"Model Makers, Wood",detailed
419012,Models,detailed
419010,"Models, Demonstrators, and Product Promoters",broad
514070,"Molders and Molding Machine Setters, Operators, and Tenders, Metal and Plastic",broad
519195,"Molders, Shapers, and Casters, Except Metal and Plastic",detailed
514072,"Molding, Coremaking, and Casting Machine Setters, Operators, and Tenders, Metal and Plastic",detailed
394030,"Morticians, Undertakers, and Funeral Arrangers",broad
394031,"Morticians, Undertakers, and Funeral Arrangers",detailed
393020,Motion Picture Projectionists,broad
393021,Motion Picture Projectionists,detailed
533000,Motor Vehicle Operators,minor
533099,"Motor Vehicle Operators, All Other",detailed
493051,Motorboat Mechanics and Service Technicians,detailed
535022,Motorboat Operators,detailed
493052,Motorcycle Mechanics,detailed
514080,"Multiple Machine Tool Setters, Operators, and Tenders, Metal and Plastic",broad
514081,"Multiple Machine Tool Setters, Operators, and Tenders, Metal and Plastic",detailed
254013,Museum Technicians and Conservators,detailed
272041,Music Directors and Composers,detailed
499063,Musical Instrument Repairers and Tuners,detailed
272042,Musicians and Singers,detailed
272040,"Musicians, Singers, and Related Workers",broad
119120,Natural Sciences Managers,broad
119121,Natural Sciences Managers,detailed
151244,Network and Computer Systems Administrators,detailed
291217,Neurologists,detailed
434140,New Accounts Clerks,broad
434141,New Accounts Clerks,detailed
273020,"News Analysts, Reporters and Journalists",broad
273023,"News Analysts, Reporters, and Journalists",detailed
172160,Nuclear Engineers,broad
172161,Nuclear Engineers,detailed
292033,Nuclear Medicine Technologists,detailed
518011,Nuclear Power Reactor Operators,detailed
194050,Nuclear Technicians,broad
194051,Nuclear Technicians,detailed
291150,Nurse Anesthetists,broad
291151,Nurse Anesthetists,detailed
291160,Nurse Midwives,broad
291161,Nurse Midwives,detailed
291170,Nurse Practitioners,broad
291171,Nurse Practitioners,detailed
311131,Nursing Assistants,detailed
311130,"Nursing Assistants, Orderlies, and Psychiatric Aides",broad
251072,"Nursing Instructors and Teachers, Postsecondary",detailed
311000,"Nursing, Psychiatric, and Home Health Aides",minor
311010,"Nursing, Psychiatric, and Home Health Aides",broad
291218,Obstetricians and Gynecologists,detailed
195011,Occupational Health and Safety Specialists,detailed
195000,Occupational Health and Safety Specialists and Technicians,minor
195010,Occupational Health and Safety Specialists and Technicians,broad
195012,Occupational Health and Safety Technicians,detailed
291122,Occupational Therapists,detailed
312012,Occupational Therapy Aides,detailed
312000,Occupational Therapy and Physical Therapist Assistants and Aides,minor
312011,Occupational Therapy Assistants,detailed
312010,Occupational Therapy Assistants and Aides,broad
430000,Office and Administrative Support Occupations,major
439199,"Office and Administrative Support Workers, All Other",detailed
439060,"Office Clerks, General",broad
439061,"Office Clerks, General",detailed
439070,"Office Machine Operators, Except Computer",broad
439071,"Office Machine Operators, Except Computer",detailed
472073,Operating Engineers and Other Construction Equipment Operators,detailed
152030,Operations Research Analysts,broad
152031,Operations Research Analysts,detailed
113000,Operations Specialties Managers,minor
519083,Ophthalmic Laboratory Technicians,detailed
292057,Ophthalmic Medical Technicians,detailed
291241,"Ophthalmologists, Except Pediatric",detailed
292080,"Opticians, Dispensing",broad
292081,"Opticians, Dispensing",detailed
291040,Optometrists,broad
291041,Optometrists,detailed
291022,Oral and Maxillofacial Surgeons,detailed
434150,Order Clerks,broad
434151,Order Clerks,detailed
311132,Orderlies,detailed
291023,Orthodontists,detailed
291242,"Orthopedic Surgeons, Except Pediatric",detailed
292091,Orthotists and Prosthetists,detailed
474000,Other Construction and Related Workers,minor
259000,Other Educational Instruction and Library Occupations,minor
359000,Other Food Preparation and Serving Related Workers,minor
299000,Other Healthcare Practitioners and Technical Occupations,minor
319000,Other Healthcare Support Occupations,minor
499000,"Other Installation, Maintenance, and Repair Occupations",minor
119000,Other Management Occupations,minor
439000,Other Office and Administrative Support Workers,minor
399000,Other Personal Care and Service Workers,minor
519000,Other Production Occupations,minor
339000,Other Protective Service Workers,minor
419000,Other Sales and Related Workers,minor
253000,Other Teachers and Instructors,minor
536000,Other Transportation Workers,minor
493053,Outdoor Power Equipment and Other Small Engine Mechanics,detailed
519110,Packaging and Filling Machine Operators and Tenders,broad
519111,Packaging and Filling Machine Operators and Tenders,detailed
537064,"Packers and Packagers, Hand",detailed
472140,Painters and Paperhangers,broad
472141,"Painters, Construction and Maintenance",detailed
519122,"Painters, Transportation Equipment",detailed
519120,Painting Workers,broad
519123,"Painting, Coating, and Decorating Workers",detailed
519196,"Paper Goods Machine Setters, Operators, and Tenders",detailed
472142,Paperhangers,detailed
232010,Paralegals and Legal Assistants,broad
232011,Paralegals and Legal Assistants,detailed
292043,Paramedics,detailed
536020,Parking Attendants,broad
536021,Parking Attendants,detailed
333040,Parking Enforcement Workers,broad
333041,Parking Enforcement Workers,detailed
412022,Parts Salespersons,detailed
536060,Passenger Attendants,broad
536061,Passenger Attendants,detailed
533050,Passenger Vehicle Drivers,broad
533058,"Passenger Vehicle Drivers, Except Bus Drivers, Transit and Intercity",detailed
514062,"Patternmakers, Metal and Plastic",detailed
517032,"Patternmakers, Wood",detailed
472071,"Paving, Surfacing, and Tamping Equipment Operators",detailed
433050,Payroll and Timekeeping Clerks,broad
433051,Payroll and Timekeeping Clerks,detailed
291243,Pediatric Surgeons,detailed
291221,"Pediatricians, General",detailed
395000,Personal Appearance Workers,minor
399020,Personal Care Aides,broad
399021,Personal Care Aides,detailed
390000,Personal Care and Service Occupations,major
399099,"Personal Care and Service Workers, All Other",detailed
132052,Personal Financial Advisors,detailed
119170,Personal Service Managers,broad
119179,"Personal Service Managers, All Other",detailed
119198,"Personal Service Managers, All Other; Entertainment and Recreation Managers, Except Gambling; and Managers, All Other",detailed
372020,Pest Control Workers,broad
372021,Pest Control Workers,detailed
373012,"Pesticide Handlers, Sprayers, and Applicators, Vegetation",detailed
172170,Petroleum Engineers,broad
172171,Petroleum Engineers,detailed
518093,"Petroleum Pump System Operators, Refinery Operators, and Gaugers",detailed
291050,Pharmacists,broad
291051,Pharmacists,detailed
319095,Pharmacy Aides,detailed
292052,Pharmacy Technicians,detailed
251126,"Philosophy and Religion Teachers, Postsecondary",detailed
319097,Phlebotomists,detailed
274020,Photographers,broad
274021,Photographers,detailed
519150,Photographic Process Workers and Processing Machine Operators,broad
519151,Photographic Process Workers and Processing Machine Operators,detailed
251050,"Physical Sciences Teachers, Postsecondary",broad
192000,Physical Scientists,minor
192099,"Physical Scientists, All Other",detailed
312022,Physical Therapist Aides,detailed
312021,Physical Therapist Assistants,detailed
312020,Physical Therapist Assistants and Aides,broad
291123,Physical Therapists,detailed
291070,Physician Assistants,broad
291071,Physician Assistants,detailed
291210,Physicians,broad
291060,Physicians and Surgeons,broad
291069,"Physicians and Surgeons, All Other",detailed
291229,"Physicians, All Other",detailed
291228,"Physicians, All Other; and Ophthalmologists, Except Pediatric",detailed
291222,"Physicians, Pathologists",detailed
192012,Physicists,detailed
251054,"Physics Teachers, Postsecondary",detailed
472072,Pile Driver Operators,detailed
472151,Pipelayers,detailed
472150,"Pipelayers, Plumbers, Pipefitters, and Steamfitters",broad
518000,Plant and System Operators,minor
518099,"Plant and System Operators, All Other",detailed
472160,Plasterers and Stucco Masons,broad
472161,Plasterers and Stucco Masons,detailed
514193,"Plating Machine Setters, Operators, and Tenders, Metal and Plastic",detailed
472152,"Plumbers, Pipefitters, and Steamfitters",detailed
291080,Podiatrists,broad
291081,Podiatrists,detailed
333051,Police and Sheriff's Patrol Officers,detailed
333050,Police Officers,broad
251065,"Political Science Teachers, Postsecondary",detailed
193094,Political Scientists,detailed
435051,Postal Service Clerks,detailed
435052,Postal Service Mail Carriers,detailed
435053,"Postal Service Mail Sorters, Processors, and Processing Machine Operators",detailed
435050,Postal Service Workers,broad
119130,Postmasters and Mail Superintendents,broad
119131,Postmasters and Mail Superintendents,detailed
251000,Postsecondary Teachers,minor
251199,"Postsecondary Teachers, All Other",detailed
514052,"Pourers and Casters, Metal",detailed
518012,Power Distributors and Dispatchers,detailed
518013,Power Plant Operators,detailed
518010,"Power Plant Operators, Distributors, and Dispatchers",broad
499060,Precision Instrument and Equipment Repairers,broad
499069,"Precision Instrument and Equipment Repairers, All Other",detailed
515111,Prepress Technicians and Workers,detailed
252010,Preschool and Kindergarten Teachers,broad
252011,"Preschool Teachers, Except Special Education",detailed
252000,"Preschool, Elementary, Middle, Secondary, and Special Education Teachers",minor
516020,"Pressers, Textile, Garment, and Related Materials",broad
516021,"Pressers, Textile, Garment, and Related Materials",detailed
515113,Print Binding and Finishing Workers,detailed
515112,Printing Press Operators,detailed
515100,Printing Workers,minor
515110,Printing Workers,broad
339020,Private Detectives and Investigators,broad
339021,Private Detectives and Investigators,detailed
211092,Probation Officers and Correctional Treatment Specialists,detailed
433060,Procurement Clerks,broad
433061,Procurement Clerks,detailed
272012,Producers and Directors,detailed
510000,Production Occupations,major
519199,"Production Workers, All Other",detailed
435060,"Production, Planning, and Expediting Clerks",broad
435061,"Production, Planning, and Expediting Clerks",detailed
131082,Project Management Specialists,detailed
131198,"Project Management Specialists and Business Operations Specialists, All Other",detailed
439080,Proofreaders and Copy Markers,broad
439081,Proofreaders and Copy Markers,detailed
132020,Property Appraisers and Assessors,broad
132021,Property Appraisers and Assessors,detailed
119140,"Property, Real Estate, and Community Association Managers",broad
119141,"Property, Real Estate, and Community Association Managers",detailed
291024,Prosthodontists,detailed
330000,Protective Service Occupations,major
339099,"Protective Service Workers, All Other",detailed
311133,Psychiatric Aides,detailed
292053,Psychiatric Technicians,detailed
291223,Psychiatrists,detailed
193030,Psychologists,broad
193039,"Psychologists, All Other",detailed
251066,"Psychology Teachers, Postsecondary",detailed
273012,Public Address System and Other Announcers,detailed
112030,Public Relations and Fundraising Managers,broad
112031,Public Relations and Fundraising Managers,detailed
112032,Public Relations Managers,detailed
273030,Public Relations Specialists,broad
273031,Public Relations Specialists,detailed
435031,Public Safety Telecommunicators,detailed
537072,"Pump Operators, Except Wellhead Pumpers",detailed
537070,Pumping Station Operators,broad
113060,Purchasing Managers,broad
113061,Purchasing Managers,detailed
291124,Radiation Therapists,detailed
492020,Radio and Telecommunications Equipment Installers and Repairers,broad
274013,Radio Operators,detailed
492021,"Radio, Cellular, and Tower Equipment Installers and Repairers",detailed
292034,Radiologic Technologists and Technicians,detailed
291224,Radiologists,detailed
493043,Rail Car Repairers,detailed
534000,Rail Transportation Workers,minor
534099,"Rail Transportation Workers, All Other",detailed
534013,"Rail Yard Engineers, Dinkey Operators, and Hostlers",detailed
474060,Rail-Track Laying and Maintenance Equipment Operators,broad
474061,Rail-Track Laying and Maintenance Equipment Operators,detailed
534021,"Railroad Brake, Signal, and Switch Operators",detailed
534020,"Railroad Brake, Signal, and Switch Operators and Locomotive Firers",broad
534022,"Railroad Brake, Signal, and Switch Operators and Locomotive Firers",detailed
534030,Railroad Conductors and Yardmasters,broad
534031,Railroad Conductors and Yardmasters,detailed
419021,Real Estate Brokers,detailed
419020,Real Estate Brokers and Sales Agents,broad
419022,Real Estate Sales Agents,detailed
434170,Receptionists and Information Clerks,broad
434171,Receptionists and Information Clerks,detailed
251193,"Recreation and Fitness Studies Teachers, Postsecondary",detailed
399030,Recreation and Fitness Workers,broad
399032,Recreation Workers,detailed
291125,Recreational Therapists,detailed
493092,Recreational Vehicle Service Technicians,detailed
499045,"Refractory Materials Repairers, Except Brickmasons",detailed
537080,Refuse and Recyclable Material Collectors,broad
537081,Refuse and Recyclable Material Collectors,detailed
291140,Registered Nurses,broad
291141,Registered Nurses,detailed
211015,Rehabilitation Counselors,detailed
472170,Reinforcing Iron and Rebar Workers,broad
472171,Reinforcing Iron and Rebar Workers,detailed
212000,Religious Workers,minor
212099,"Religious Workers, All Other",detailed
273022,Reporters and Correspondents,detailed
434180,Reservation and Transportation Ticket Agents and Travel Clerks,broad
434181,Reservation and Transportation Ticket Agents and Travel Clerks,detailed
399040,Residential Advisors,broad
399041,Residential Advisors,detailed
291126,Respiratory Therapists,detailed
292054,Respiratory Therapy Technicians,detailed
412000,Retail Sales Workers,minor
412030,Retail Salespersons,broad
412031,Retail Salespersons,detailed
499096,Riggers,detailed
475050,"Rock Splitters, Quarry",broad
475051,"Rock Splitters, Quarry",detailed
514023,"Rolling Machine Setters, Operators, and Tenders, Metal and Plastic",detailed
475043,"Roof Bolters, Mining",detailed
475060,"Roof Bolters, Mining",broad
475061,"Roof Bolters, Mining",detailed
472180,Roofers,broad
472181,Roofers,detailed
475012,"Rotary Drill Operators, Oil and Gas",detailed
475070,"Roustabouts, Oil and Gas",broad
475071,"Roustabouts, Oil and Gas",detailed
535010,Sailors and Marine Oilers,broad
535011,Sailors and Marine Oilers,detailed
410000,Sales and Related Occupations,major
419099,"Sales and Related Workers, All Other",detailed
419030,Sales Engineers,broad
419031,Sales Engineers,detailed
112022,Sales Managers,detailed
413091,"Sales Representatives of Services, Except Advertising, Insurance, Financial Services, and Travel",detailed
413000,"Sales Representatives, Services",minor
413099,"Sales Representatives, Services, All Other",detailed
414000,"Sales Representatives, Wholesale and Manufacturing",minor
414010,"Sales Representatives, Wholesale and Manufacturing",broad
414012,"Sales Representatives, Wholesale and Manufacturing, Except Technical and Scientific Products",detailed
414011,"Sales Representatives, Wholesale and Manufacturing, Technical and Scientific Products",detailed
517041,"Sawing Machine Setters, Operators, and Tenders, Wood",detailed
339094,School Bus Monitors,detailed
339098,"School Bus Monitors and Protective Service Workers, All Other",detailed
193034,School Psychologists,detailed
252030,Secondary School Teachers,broad
252031,"Secondary School Teachers, Except Special and Career/Technical Education",detailed
436000,Secretaries and Administrative Assistants,minor
436010,Secretaries and Administrative Assistants,broad
436014,"Secretaries and Administrative Assistants, Except Legal, Medical, and Executive",detailed
413030,"Securities, Commodities, and Financial Services Sales Agents",broad
413031,"Securities, Commodities, and Financial Services Sales Agents",detailed
492098,Security and Fire Alarm Systems Installers,detailed
339032,Security Guards,detailed
339030,Security Guards and Gambling Surveillance Officers,broad
253020,Self-Enrichment Teachers,broad
253021,Self-Enrichment Teachers,detailed
519140,Semiconductor Processing Technicians,broad
519141,Semiconductor Processing Technicians,detailed
519012,"Separating, Filtering, Clarifying, Precipitating, and Still Machine Setters, Operators, and Tenders",detailed
474070,Septic Tank Servicers and Sewer Pipe Cleaners,broad
474071,Septic Tank Servicers and Sewer Pipe Cleaners,detailed
475013,"Service Unit Operators, Oil and Gas",detailed
271027,Set and Exhibit Designers,detailed
516051,"Sewers, Hand",detailed
516030,Sewing Machine Operators,broad
516031,Sewing Machine Operators,detailed
395093,Shampooers,detailed
472210,Sheet Metal Workers,broad
472211,Sheet Metal Workers,detailed
535020,Ship and Boat Captains and Operators,broad
535030,Ship Engineers,broad
535031,Ship Engineers,detailed
435070,"Shipping, Receiving, and Inventory Clerks",broad
435071,"Shipping, Receiving, and Inventory Clerks",detailed
516040,Shoe and Leather Workers,broad
516041,Shoe and Leather Workers and Repairers,detailed
516042,Shoe Machine Operators and Tenders,detailed
533053,Shuttle Drivers and Chauffeurs,detailed
499097,Signal and Track Switch Repairers,detailed
395094,Skincare Specialists,detailed
513023,Slaughterers and Meat Packers,detailed
493050,Small Engine Mechanics,broad
119150,Social and Community Service Managers,broad
119151,Social and Community Service Managers,detailed
211093,Social and Human Service Assistants,detailed
194060,Social Science Research Assistants,broad
194061,Social Science Research Assistants,detailed
251060,"Social Sciences Teachers, Postsecondary",broad
251069,"Social Sciences Teachers, Postsecondary, All Other",detailed
193000,Social Scientists and Related Workers,minor
193099,"Social Scientists and Related Workers, All Other",detailed
251113,"Social Work Teachers, Postsecondary",detailed
211020,Social Workers,broad
211029,"Social Workers, All Other",detailed
193040,Sociologists,broad
193041,Sociologists,detailed
251067,"Sociology Teachers, Postsecondary",detailed
151250,"Software and Web Developers, Programmers, and Testers",broad
151252,Software Developers,detailed
151130,Software Developers and Programmers,broad
151256,Software Developers and Software Quality Assurance Analysts and Testers,detailed
151132,"Software Developers, Applications",detailed
151133,"Software Developers, Systems Software",detailed
151253,Software Quality Assurance Analysts and Testers,detailed
191013,Soil and Plant Scientists,detailed
472230,Solar Photovoltaic Installers,broad
472231,Solar Photovoltaic Installers,detailed
274014,Sound Engineering Technicians,detailed
252050,Special Education Teachers,broad
252059,"Special Education Teachers, All Other",detailed
252052,"Special Education Teachers, Kindergarten and Elementary School",detailed
252057,"Special Education Teachers, Middle School",detailed
252051,"Special Education Teachers, Preschool",detailed
252058,"Special Education Teachers, Secondary School",detailed
271014,Special Effects Artists and Animators,detailed
291127,Speech-Language Pathologists,detailed
518020,Stationary Engineers and Boiler Operators,broad
518021,Stationary Engineers and Boiler Operators,detailed
439110,Statistical Assistants,broad
439111,Statistical Assistants,detailed
152040,Statisticians,broad
152041,Statisticians,detailed
435080,Stock Clerks and Order Fillers,broad
435081,Stock Clerks and Order Fillers,detailed
537065,Stockers and Order Fillers,detailed
472022,Stonemasons,detailed
472220,Structural Iron and Steel Workers,broad
472221,Structural Iron and Steel Workers,detailed
512040,Structural Metal Fabricators and Fitters,broad
512041,Structural Metal Fabricators and Fitters,detailed
211018,"Substance Abuse, Behavioral Disorder, and Mental Health Counselors",detailed
253098,Substitute Teachers,detailed
253030,"Substitute Teachers, Short-Term",broad
253031,"Substitute Teachers, Short-Term",detailed
534040,Subway and Streetcar Operators,broad
534041,Subway and Streetcar Operators,detailed
371000,Supervisors of Building and Grounds Cleaning and Maintenance Workers,minor
471000,Supervisors of Construction and Extraction Workers,minor
451000,"Supervisors of Farming, Fishing, and Forestry Workers",minor
351000,Supervisors of Food Preparation and Serving Workers,minor
351010,Supervisors of Food Preparation and Serving Workers,broad
491000,"Supervisors of Installation, Maintenance, and Repair Workers",minor
431000,Supervisors of Office and Administrative Support Workers,minor
391000,Supervisors of Personal Care and Service Workers,minor
511000,Supervisors of Production Workers,minor
331000,Supervisors of Protective Service Workers,minor
411000,Supervisors of Sales Workers,minor
531000,Supervisors of Transportation and Material Moving Workers,minor
291067,Surgeons,detailed
291240,Surgeons,broad
291249,"Surgeons, All Other",detailed
291248,"Surgeons, Except Ophthalmologists",detailed
299093,Surgical Assistants,detailed
292055,Surgical Technologists,detailed
193020,Survey Researchers,broad
193022,Survey Researchers,detailed
173030,Surveying and Mapping Technicians,broad
173031,Surveying and Mapping Technicians,detailed
171022,Surveyors,detailed
171020,"Surveyors, Cartographers, and Photogrammetrists",broad
432010,"Switchboard Operators, Including Answering Service",broad
432011,"Switchboard Operators, Including Answering Service",detailed
516052,"Tailors, Dressmakers, and Custom Sewers",detailed
516050,"Tailors, Dressmakers, and Sewers",broad
537120,"Tank Car, Truck, and Ship Loaders",broad
537121,"Tank Car, Truck, and Ship Loaders",detailed
472082,Tapers,detailed
132081,"Tax Examiners and Collectors, and Revenue Agents",detailed
132080,"Tax Examiners, Collectors and Preparers, and Revenue Agents",broad
132082,Tax Preparers,detailed
533054,Taxi Drivers,detailed
533040,Taxi Drivers and Chauffeurs,broad
533041,Taxi Drivers and Chauffeurs,detailed
253099,"Teachers and Instructors, All Other",detailed
259040,Teaching Assistants,broad
259041,Teaching Assistants,detailed
259045,"Teaching Assistants, Except Postsecondary",detailed
259044,"Teaching Assistants, Postsecondary",detailed
273042,Technical Writers,detailed
492022,"Telecommunications Equipment Installers and Repairers, Except Line Installers",detailed
499052,Telecommunications Line Installers and Repairers,detailed
419040,Telemarketers,broad
419041,Telemarketers,detailed
432020,Telephone Operators,broad
432021,Telephone Operators,detailed
274030,"Television, Video, and Film Camera Operators and Editors",broad
433070,Tellers,broad
433071,Tellers,detailed
472053,Terrazzo Workers and Finishers,detailed
516061,Textile Bleaching and Dyeing Machine Operators and Tenders,detailed
516062,"Textile Cutting Machine Setters, Operators, and Tenders",detailed
516063,"Textile Knitting and Weaving Machine Setters, Operators, and Tenders",detailed
516060,"Textile Machine Setters, Operators, and Tenders",broad
516064,"Textile Winding, Twisting, and Drawing Out Machine Setters, Operators, and Tenders",detailed
516000,"Textile, Apparel, and Furnishings Workers",minor
516099,"Textile, Apparel, and Furnishings Workers, All Other",detailed
291120,Therapists,broad
291129,"Therapists, All Other",detailed
472044,Tile and Stone Setters,detailed
512060,Timing Device Assemblers and Adjusters,broad
512061,Timing Device Assemblers and Adjusters,detailed
519197,Tire Builders,detailed
493093,Tire Repairers and Changers,detailed
232093,"Title Examiners, Abstractors, and Searchers",detailed
514110,Tool and Die Makers,broad
514111,Tool and Die Makers,detailed
514194,"Tool Grinders, Filers, and Sharpeners",detailed
111000,Top Executives,minor
397000,Tour and Travel Guides,minor
397010,Tour and Travel Guides,broad
397011,Tour and Travel Guides,detailed
536040,Traffic Technicians,broad
536041,Traffic Technicians,detailed
113130,Training and Development Managers,broad
113131,Training and Development Managers,detailed
131150,Training and Development Specialists,broad
131151,Training and Development Specialists,detailed
333052,Transit and Railroad Police,detailed
530000,Transportation and Material Moving Occupations,major
536050,Transportation Inspectors,broad
536051,Transportation Inspectors,detailed
339093,Transportation Security Screeners,detailed
536099,"Transportation Workers, All Other",detailed
113070,"Transportation, Storage, and Distribution Managers",broad
113071,"Transportation, Storage, and Distribution Managers",detailed
413040,Travel Agents,broad
413041,Travel Agents,detailed
373013,Tree Trimmers and Pruners,detailed
253040,Tutors,broad
253041,Tutors,detailed
253097,"Tutors and Teachers and Instructors, All Other",detailed
272023,"Umpires, Referees, and Other Sports Officials",detailed
475098,"Underground Mining Machine Operators and Extraction Workers, All Other",detailed
516093,Upholsterers,detailed
193050,Urban and Regional Planners,broad
193051,Urban and Regional Planners,detailed
393030,"Ushers, Lobby Attendants, and Ticket Takers",broad
393031,"Ushers, Lobby Attendants, and Ticket Takers",detailed
493000,"Vehicle and Mobile Equipment Mechanics, Installers, and Repairers",minor
291130,Veterinarians,broad
291131,Veterinarians,detailed
319096,Veterinary Assistants and Laboratory Animal Caretakers,detailed
292056,Veterinary Technologists and Technicians,detailed
353030,Waiters and Waitresses,broad
353031,Waiters and Waitresses,detailed
499064,Watch and Clock Repairers,detailed
518030,Water and Wastewater Treatment Plant and System Operators,broad
518031,Water and Wastewater Treatment Plant and System Operators,detailed
535000,Water Transportation Workers,minor
151255,Web and Digital Interface Designers,detailed
151254,Web Developers,detailed
151257,Web Developers and Digital Interface Designers,detailed
435110,"Weighers, Measurers, Checkers, and Samplers, Recordkeeping",broad
435111,"Weighers, Measurers, Checkers, and Samplers, Recordkeeping",detailed
514121,"Welders, Cutters, Solderers, and Brazers",detailed
514122,"Welding, Soldering, and Brazing Machine Setters, Operators, and Tenders",detailed
514120,"Welding, Soldering, and Brazing Workers",broad
537073,Wellhead Pumpers,detailed
499080,Wind Turbine Service Technicians,broad
499081,Wind Turbine Service Technicians,detailed
517000,Woodworkers,minor
517099,"Woodworkers, All Other",detailed
517040,"Woodworking Machine Setters, Operators, and Tenders",broad
517042,"Woodworking Machine Setters, Operators, and Tenders, Except Sawing",detailed
439022,Word Processors and Typists,detailed
273043,Writers and Authors,detailed
273040,Writers and Editors,broad
191023,Zoologists and Wildlife Biologists,detailed